mAP50,mAP50-95,precision,recall,inference_time,training_time
0.8645522363067822,0.6994746549872569,0.861460966520759,0.7981348266271407,3.9971136293706553,1138.7877814769745
